"Source Name","Start Date/Time","Phone Number","Data Source"
LogicalFileSet1,"2024-03-16 20:45:54 WAT","+971565505984",LogicalFileSet1
LogicalFileSet1,"2024-03-16 20:49:50 WAT",08032111669,LogicalFileSet1
LogicalFileSet1,"2024-03-16 20:51:59 WAT",08032111225,LogicalFileSet1
LogicalFileSet1,"2024-03-17 02:54:56 WAT",08032111669,LogicalFileSet1
LogicalFileSet1,"2024-03-17 16:17:36 WAT",08032111225,LogicalFileSet1
LogicalFileSet1,"2024-03-17 16:18:04 WAT",08032111225,LogicalFileSet1
LogicalFileSet1,"2024-03-17 16:18:22 WAT",08032111225,LogicalFileSet1
LogicalFileSet1,"2024-03-17 16:21:46 WAT",08012345678,LogicalFileSet1
LogicalFileSet1,"2024-03-17 16:24:09 WAT",08032111669,LogicalFileSet1
LogicalFileSet1,"2024-03-17 16:23:25 WAT","+971543777711",LogicalFileSet1
LogicalFileSet1,"2024-03-17 16:25:20 WAT",08032111133,LogicalFileSet1
LogicalFileSet1,"2024-03-17 16:36:15 WAT",08032111669,LogicalFileSet1
LogicalFileSet1,"2024-03-17 16:36:21 WAT",08032111669,LogicalFileSet1
LogicalFileSet1,"2024-03-17 16:36:28 WAT",08032111669,LogicalFileSet1
